<?xml version="1.0" encoding="UTF-8"?>
<project-private xmlns="http://www.netbeans.org/ns/project-private/1">
    <editor-bookmarks xmlns="http://www.netbeans.org/ns/editor-bookmarks/2" lastBookmarkId="0"/>
    <open-files xmlns="http://www.netbeans.org/ns/projectui-open-files/2">
        <group>
            <file>file:/E:/Old%20E/CS%20Homework/CS%206324/Project1/sample/Project1/src/EFS.java</file>
            <file>file:/E:/Old%20E/CS%20Homework/CS%206324/Project1/sample/Project1/src/Editor.java</file>
            <file>file:/E:/Old%20E/CS%20Homework/CS%206324/Project1/sample/Project1/src/Config.java</file>
            <file>file:/E:/Old%20E/CS%20Homework/CS%206324/Project1/sample/Project1/src/Sample.java</file>
            <file>file:/E:/Old%20E/CS%20Homework/CS%206324/Project1/sample/Project1/src/Utility.java</file>
        </group>
    </open-files>
</project-private>
